"Sample.ID","TA","Mass","Type"
"JUNK",2236.7234028862,59.3899,NA
"CRM1",2224.48696529242,59.059,NA
"CRM2",2218.58519381266,59.1251,NA
